"Non-zero value cast to pointer","A constant value other than zero is converted to a pointer type. This is a dangerous practice, since the meaning of the numerical value of pointers is platform dependent.","recommendation","Nonzero value 0x800000b8 cast to pointer.","/build/zephyr/isr_tables.c","259","17","259","26"
"Non-zero value cast to pointer","A constant value other than zero is converted to a pointer type. This is a dangerous practice, since the meaning of the numerical value of pointers is platform dependent.","recommendation","Nonzero value 0x800000b8 cast to pointer.","/build/zephyr/isr_tables.c","260","17","260","26"
"Non-zero value cast to pointer","A constant value other than zero is converted to a pointer type. This is a dangerous practice, since the meaning of the numerical value of pointers is platform dependent.","recommendation","Nonzero value 0x800000a0 cast to pointer.","/build/zephyr/isr_tables.c","261","17","261","26"
"Non-zero value cast to pointer","A constant value other than zero is converted to a pointer type. This is a dangerous practice, since the meaning of the numerical value of pointers is platform dependent.","recommendation","Nonzero value 0x800000a0 cast to pointer.","/build/zephyr/isr_tables.c","262","17","262","26"
"Non-zero value cast to pointer","A constant value other than zero is converted to a pointer type. This is a dangerous practice, since the meaning of the numerical value of pointers is platform dependent.","recommendation","Nonzero value 0x80000088 cast to pointer.","/build/zephyr/isr_tables.c","263","17","263","26"
"Non-zero value cast to pointer","A constant value other than zero is converted to a pointer type. This is a dangerous practice, since the meaning of the numerical value of pointers is platform dependent.","recommendation","Nonzero value 0x80000088 cast to pointer.","/build/zephyr/isr_tables.c","264","17","264","26"
"Non-zero value cast to pointer","A constant value other than zero is converted to a pointer type. This is a dangerous practice, since the meaning of the numerical value of pointers is platform dependent.","recommendation","Nonzero value 0x80000070 cast to pointer.","/build/zephyr/isr_tables.c","265","17","265","26"
"Non-zero value cast to pointer","A constant value other than zero is converted to a pointer type. This is a dangerous practice, since the meaning of the numerical value of pointers is platform dependent.","recommendation","Nonzero value 0x80000070 cast to pointer.","/build/zephyr/isr_tables.c","266","17","266","26"
"Non-zero value cast to pointer","A constant value other than zero is converted to a pointer type. This is a dangerous practice, since the meaning of the numerical value of pointers is platform dependent.","recommendation","Nonzero value 0x80000058 cast to pointer.","/build/zephyr/isr_tables.c","267","17","267","26"
"Non-zero value cast to pointer","A constant value other than zero is converted to a pointer type. This is a dangerous practice, since the meaning of the numerical value of pointers is platform dependent.","recommendation","Nonzero value 0x80000058 cast to pointer.","/build/zephyr/isr_tables.c","268","17","268","26"
"Conversion changes sign","Finds conversions from unsigned to signed.","warning","Conversion between signed and unsigned types int and unsigned int.","/include/arch/common/ffs.h","55","9","55","21"
"Conversion changes sign","Finds conversions from unsigned to signed.","warning","Conversion between signed and unsigned types unsigned int and int.","/include/arch/common/ffs.h","55","23","55","24"
"Conversion changes sign","Finds conversions from unsigned to signed.","warning","Conversion between signed and unsigned types int and unsigned int.","/include/arch/common/ffs.h","37","9","37","30"
"Conversion changes sign","Finds conversions from unsigned to signed.","warning","Conversion between signed and unsigned types int and unsigned int.","/include/arch/common/sys_bitops.h","42","16","42","25"
"Conversion changes sign","Finds conversions from unsigned to signed.","warning","Conversion between signed and unsigned types unsigned int and int.","/include/arch/common/sys_bitops.h","42","9","42","25"
"Conversion changes sign","Finds conversions from unsigned to signed.","warning","Conversion between signed and unsigned types int and unsigned int.","/include/arch/common/sys_bitops.h","35","38","35","48"
"Conversion changes sign","Finds conversions from unsigned to signed.","warning","Conversion between signed and unsigned types int and unsigned int.","/include/arch/common/sys_bitops.h","28","38","28","47"
"Conversion changes sign","Finds conversions from unsigned to signed.","warning","Conversion between signed and unsigned types unsigned int and int.","/include/sys/atomic_builtin.h","293","9","293","27"
"Conversion changes sign","Finds conversions from unsigned to signed.","warning","Conversion between signed and unsigned types int and unsigned int.","/include/sys/atomic_builtin.h","293","37","293","41"
"Conversion changes sign","Finds conversions from unsigned to signed.","warning","Conversion between signed and unsigned types unsigned int and int.","/include/sys/atomic_builtin.h","276","9","276","26"
"Conversion changes sign","Finds conversions from unsigned to signed.","warning","Conversion between signed and unsigned types int and unsigned int.","/include/sys/atomic_builtin.h","276","36","276","40"
"Conversion changes sign","Finds conversions from unsigned to signed.","warning","Conversion between signed and unsigned types unsigned int and int.","/include/sys/atomic_builtin.h","259","9","259","26"
"Conversion changes sign","Finds conversions from unsigned to signed.","warning","Conversion between signed and unsigned types int and unsigned int.","/include/sys/atomic_builtin.h","259","36","259","40"
"Conversion changes sign","Finds conversions from unsigned to signed.","warning","Conversion between signed and unsigned types unsigned int and int.","/include/sys/atomic_builtin.h","242","9","242","25"
"Conversion changes sign","Finds conversions from unsigned to signed.","warning","Conversion between signed and unsigned types int and unsigned int.","/include/sys/atomic_builtin.h","242","35","242","39"
"Conversion changes sign","Finds conversions from unsigned to signed.","warning","Conversion between signed and unsigned types unsigned int and int.","/include/sys/atomic_builtin.h","176","9","176","27"
"Conversion changes sign","Finds conversions from unsigned to signed.","warning","Conversion between signed and unsigned types int and unsigned int.","/include/sys/atomic_builtin.h","176","37","176","41"
"Conversion changes sign","Finds conversions from unsigned to signed.","warning","Conversion between signed and unsigned types unsigned int and int.","/include/sys/atomic_builtin.h","140","9","140","23"
"Conversion changes sign","Finds conversions from unsigned to signed.","warning","Conversion between signed and unsigned types unsigned int and int.","/include/sys/atomic_builtin.h","95","9","95","26"
"Conversion changes sign","Finds conversions from unsigned to signed.","warning","Conversion between signed and unsigned types int and unsigned int.","/include/sys/atomic_builtin.h","95","36","95","40"
"Conversion changes sign","Finds conversions from unsigned to signed.","warning","Conversion between signed and unsigned types unsigned int and int.","/include/sys/atomic_builtin.h","79","9","79","26"
"Conversion changes sign","Finds conversions from unsigned to signed.","warning","Conversion between signed and unsigned types int and unsigned int.","/include/sys/atomic_builtin.h","79","36","79","40"
"Conversion changes sign","Finds conversions from unsigned to signed.","warning","Conversion between signed and unsigned types int and unsigned int.","/include/sys/atomic_builtin.h","40","57","40","65"
"Conversion changes sign","Finds conversions from unsigned to signed.","warning","Conversion between signed and unsigned types unsigned int and int.","/include/sys/atomic.h","223","22","223","37"
"Conversion changes sign","Finds conversions from unsigned to signed.","warning","Conversion between signed and unsigned types int and unsigned int.","/include/sys/atomic.h","226","19","226","42"
"Conversion changes sign","Finds conversions from unsigned to signed.","warning","Conversion between signed and unsigned types int and unsigned int.","/include/sys/atomic.h","228","20","228","43"
"Conversion changes sign","Finds conversions from unsigned to signed.","warning","Conversion between signed and unsigned types unsigned int and int.","/include/sys/atomic.h","204","22","204","37"
"Conversion changes sign","Finds conversions from unsigned to signed.","warning","Conversion between signed and unsigned types int and unsigned int.","/include/sys/atomic.h","206","18","206","41"
"Conversion changes sign","Finds conversions from unsigned to signed.","warning","Conversion between signed and unsigned types unsigned int and int.","/include/sys/atomic.h","186","22","186","37"
"Conversion changes sign","Finds conversions from unsigned to signed.","warning","Conversion between signed and unsigned types int and unsigned int.","/include/sys/atomic.h","188","19","188","42"
"Conversion changes sign","Finds conversions from unsigned to signed.","warning","Conversion between signed and unsigned types unsigned int and int.","/include/sys/atomic.h","165","22","165","37"
"Conversion changes sign","Finds conversions from unsigned to signed.","warning","Conversion between signed and unsigned types int and unsigned int.","/include/sys/atomic.h","168","18","168","41"
"Conversion changes sign","Finds conversions from unsigned to signed.","warning","Conversion between signed and unsigned types unsigned int and int.","/include/sys/atomic.h","144","22","144","37"
"Conversion changes sign","Finds conversions from unsigned to signed.","warning","Conversion between signed and unsigned types int and unsigned int.","/include/sys/atomic.h","147","19","147","42"
"Conversion changes sign","Finds conversions from unsigned to signed.","warning","Conversion between signed and unsigned types int and unsigned int.","/include/sys/atomic.h","126","32","126","55"
"Conversion changes sign","Finds conversions from unsigned to signed.","warning","Conversion between signed and unsigned types int and unsigned int.","/include/sys/atomic.h","128","23","128","25"
"Conversion changes sign","Finds conversions from unsigned to signed.","warning","Conversion between signed and unsigned types int and unsigned int.","/include/sys/time_units.h","1380","32","1380","39"
"Conversion changes sign","Finds conversions from unsigned to signed.","warning","Conversion between signed and unsigned types int and unsigned int.","/include/sys/time_units.h","1366","32","1366","39"
"Conversion changes sign","Finds conversions from unsigned to signed.","warning","Conversion between signed and unsigned types int and unsigned int.","/include/sys/time_units.h","1352","32","1352","39"
"Conversion changes sign","Finds conversions from unsigned to signed.","warning","Conversion between signed and unsigned types int and unsigned int.","/include/sys/time_units.h","1338","32","1338","39"
"Conversion changes sign","Finds conversions from unsigned to signed.","warning","Conversion between signed and unsigned types int and unsigned int.","/include/sys/time_units.h","1324","32","1324","39"
"Conversion changes sign","Finds conversions from unsigned to signed.","warning","Conversion between signed and unsigned types int and unsigned int.","/include/sys/time_units.h","1310","32","1310","39"
"Conversion changes sign","Finds conversions from unsigned to signed.","warning","Conversion between signed and unsigned types int and unsigned int.","/include/sys/time_units.h","1044","20","1044","27"
"Conversion changes sign","Finds conversions from unsigned to signed.","warning","Conversion between signed and unsigned types int and unsigned int.","/include/sys/time_units.h","1030","20","1030","27"
"Conversion changes sign","Finds conversions from unsigned to signed.","warning","Conversion between signed and unsigned types int and unsigned int.","/include/sys/time_units.h","1016","20","1016","27"
"Conversion changes sign","Finds conversions from unsigned to signed.","warning","Conversion between signed and unsigned types int and unsigned int.","/include/sys/time_units.h","1002","20","1002","27"
"Conversion changes sign","Finds conversions from unsigned to signed.","warning","Conversion between signed and unsigned types int and unsigned int.","/include/sys/time_units.h","988","20","988","27"
"Conversion changes sign","Finds conversions from unsigned to signed.","warning","Conversion between signed and unsigned types int and unsigned int.","/include/sys/time_units.h","974","20","974","27"
"Conversion changes sign","Finds conversions from unsigned to signed.","warning","Conversion between signed and unsigned types int and unsigned int.","/include/sys/time_units.h","960","20","960","27"
"Conversion changes sign","Finds conversions from unsigned to signed.","warning","Conversion between signed and unsigned types int and unsigned int.","/include/sys/time_units.h","946","20","946","27"
"Conversion changes sign","Finds conversions from unsigned to signed.","warning","Conversion between signed and unsigned types int and unsigned int.","/include/sys/time_units.h","932","20","932","27"
"Conversion changes sign","Finds conversions from unsigned to signed.","warning","Conversion between signed and unsigned types int and unsigned int.","/include/sys/time_units.h","918","20","918","27"
"Conversion changes sign","Finds conversions from unsigned to signed.","warning","Conversion between signed and unsigned types int and unsigned int.","/include/sys/time_units.h","904","20","904","27"
"Conversion changes sign","Finds conversions from unsigned to signed.","warning","Conversion between signed and unsigned types int and unsigned int.","/include/sys/time_units.h","890","20","890","27"
"Conversion changes sign","Finds conversions from unsigned to signed.","warning","Conversion between signed and unsigned types int and unsigned int.","/include/sys/time_units.h","876","20","876","27"
"Conversion changes sign","Finds conversions from unsigned to signed.","warning","Conversion between signed and unsigned types int and unsigned int.","/include/sys/time_units.h","862","20","862","27"
"Conversion changes sign","Finds conversions from unsigned to signed.","warning","Conversion between signed and unsigned types int and unsigned int.","/include/sys/time_units.h","848","20","848","27"
"Conversion changes sign","Finds conversions from unsigned to signed.","warning","Conversion between signed and unsigned types int and unsigned int.","/include/sys/time_units.h","834","20","834","27"
"Conversion changes sign","Finds conversions from unsigned to signed.","warning","Conversion between signed and unsigned types int and unsigned int.","/include/sys/time_units.h","820","20","820","27"
"Conversion changes sign","Finds conversions from unsigned to signed.","warning","Conversion between signed and unsigned types int and unsigned int.","/include/sys/time_units.h","806","20","806","27"
"Conversion changes sign","Finds conversions from unsigned to signed.","warning","Conversion between signed and unsigned types int and unsigned int.","/include/sys/time_units.h","792","20","792","27"
"Conversion changes sign","Finds conversions from unsigned to signed.","warning","Conversion between signed and unsigned types int and unsigned int.","/include/sys/time_units.h","778","20","778","27"
"Conversion changes sign","Finds conversions from unsigned to signed.","warning","Conversion between signed and unsigned types int and unsigned int.","/include/sys/time_units.h","764","20","764","27"
"Conversion changes sign","Finds conversions from unsigned to signed.","warning","Conversion between signed and unsigned types int and unsigned int.","/include/sys/time_units.h","750","20","750","27"
"Conversion changes sign","Finds conversions from unsigned to signed.","warning","Conversion between signed and unsigned types int and unsigned int.","/include/sys/time_units.h","736","20","736","27"
"Conversion changes sign","Finds conversions from unsigned to signed.","warning","Conversion between signed and unsigned types int and unsigned int.","/include/sys/time_units.h","722","20","722","27"
"Conversion changes sign","Finds conversions from unsigned to signed.","warning","Conversion between signed and unsigned types int and unsigned int.","/include/sys/time_units.h","624","29","624","36"
"Conversion changes sign","Finds conversions from unsigned to signed.","warning","Conversion between signed and unsigned types int and unsigned int.","/include/sys/time_units.h","610","29","610","36"
"Conversion changes sign","Finds conversions from unsigned to signed.","warning","Conversion between signed and unsigned types int and unsigned int.","/include/sys/time_units.h","596","29","596","36"
"Conversion changes sign","Finds conversions from unsigned to signed.","warning","Conversion between signed and unsigned types int and unsigned int.","/include/sys/time_units.h","582","29","582","36"
"Conversion changes sign","Finds conversions from unsigned to signed.","warning","Conversion between signed and unsigned types int and unsigned int.","/include/sys/time_units.h","568","29","568","36"
"Conversion changes sign","Finds conversions from unsigned to signed.","warning","Conversion between signed and unsigned types int and unsigned int.","/include/sys/time_units.h","554","29","554","36"
"Conversion changes sign","Finds conversions from unsigned to signed.","warning","Conversion between signed and unsigned types int and unsigned int.","/include/sys/time_units.h","456","29","456","36"
"Conversion changes sign","Finds conversions from unsigned to signed.","warning","Conversion between signed and unsigned types int and unsigned int.","/include/sys/time_units.h","442","29","442","36"
"Conversion changes sign","Finds conversions from unsigned to signed.","warning","Conversion between signed and unsigned types int and unsigned int.","/include/sys/time_units.h","428","29","428","36"
"Conversion changes sign","Finds conversions from unsigned to signed.","warning","Conversion between signed and unsigned types int and unsigned int.","/include/sys/time_units.h","414","29","414","36"
"Conversion changes sign","Finds conversions from unsigned to signed.","warning","Conversion between signed and unsigned types int and unsigned int.","/include/sys/time_units.h","400","29","400","36"
"Conversion changes sign","Finds conversions from unsigned to signed.","warning","Conversion between signed and unsigned types int and unsigned int.","/include/sys/time_units.h","386","29","386","36"
"Conversion changes sign","Finds conversions from unsigned to signed.","warning","Conversion between signed and unsigned types int and unsigned int.","/include/sys/time_units.h","288","29","288","36"
"Conversion changes sign","Finds conversions from unsigned to signed.","warning","Conversion between signed and unsigned types int and unsigned int.","/include/sys/time_units.h","274","29","274","36"
"Conversion changes sign","Finds conversions from unsigned to signed.","warning","Conversion between signed and unsigned types int and unsigned int.","/include/sys/time_units.h","260","29","260","36"
"Conversion changes sign","Finds conversions from unsigned to signed.","warning","Conversion between signed and unsigned types int and unsigned int.","/include/sys/time_units.h","246","29","246","36"
"Conversion changes sign","Finds conversions from unsigned to signed.","warning","Conversion between signed and unsigned types int and unsigned int.","/include/sys/time_units.h","232","29","232","36"
"Conversion changes sign","Finds conversions from unsigned to signed.","warning","Conversion between signed and unsigned types int and unsigned int.","/include/sys/time_units.h","218","29","218","36"
"Conversion changes sign","Finds conversions from unsigned to signed.","warning","Conversion between signed and unsigned types int and unsigned int.","/include/spinlock.h","185","22","185","24"
"Conversion changes sign","Finds conversions from unsigned to signed.","warning","Conversion between signed and unsigned types unsigned int and int.","/include/spinlock.h","126","10","126","22"
"Conversion changes sign","Finds conversions from unsigned to signed.","warning","Conversion between signed and unsigned types unsigned int and int.","/include/kernel.h","3766","9","3766","29"
"Conversion changes sign","Finds conversions from unsigned to signed.","warning","Conversion between signed and unsigned types long long and unsigned int.","/include/kernel.h","3766","31","3766","33"
"Conversion changes sign","Finds conversions from unsigned to signed.","warning","Conversion between signed and unsigned types unsigned long long and long long.","/include/kernel.h","1585","9","1585","29"
"Conversion changes sign","Finds conversions from unsigned to signed.","warning","Conversion between signed and unsigned types long long and unsigned long long.","/include/kernel.h","1585","31","1585","44"
"Conversion changes sign","Finds conversions from unsigned to signed.","warning","Conversion between signed and unsigned types long long and unsigned int.","/include/kernel.h","1508","31","1508","53"
"Conversion changes sign","Finds conversions from unsigned to signed.","warning","Conversion between signed and unsigned types int and unsigned long long.","/include/kernel.h","465","17","465","32"
"Padding increased in 64-bit migration","Highlights structs for which the amount of padding would increase when migrating from a 32-bit architecture to 64-bit.","warning","arm_mpu_config includes 0 bits of padding on ILP32, but 32 bits on LP64.","/include/arch/arm/aarch32/cortex_m/mpu/arm_mpu.h","35","8","35","21"
"Padding increased in 64-bit migration","Highlights structs for which the amount of padding would increase when migrating from a 32-bit architecture to 64-bit.","warning","arm_mpu_region includes 0 bits of padding on ILP32, but 32 bits on LP64.","/include/arch/arm/aarch32/cortex_m/mpu/arm_mpu.h","25","8","25","21"
"Padding increased in 64-bit migration","Highlights structs for which the amount of padding would increase when migrating from a 32-bit architecture to 64-bit.","warning","k_thread includes 0 bits of padding on ILP32, but 64 bits on LP64.","/include/kernel/thread.h","201","8","201","15"
"Padding increased in 64-bit migration","Highlights structs for which the amount of padding would increase when migrating from a 32-bit architecture to 64-bit.","warning","z_heap_stress_result includes 0 bits of padding on ILP32, but 32 bits on LP64.","/include/sys/sys_heap.h","57","8","57","27"
"Padding increased in 64-bit migration","Highlights structs for which the amount of padding would increase when migrating from a 32-bit architecture to 64-bit.","warning","_cpu includes 0 bits of padding on ILP32, but 32 bits on LP64.","/include/kernel_structs.h","100","8","100","11"
"Padding increased in 64-bit migration","Highlights structs for which the amount of padding would increase when migrating from a 32-bit architecture to 64-bit.","warning","k_poll_event includes 0 bits of padding on ILP32, but 32 bits on LP64.","/include/kernel.h","5234","8","5234","19"
"Padding increased in 64-bit migration","Highlights structs for which the amount of padding would increase when migrating from a 32-bit architecture to 64-bit.","warning","k_pipe includes 24 bits of padding on ILP32, but 56 bits on LP64.","/include/kernel.h","4570","8","4570","13"
"Padding increased in 64-bit migration","Highlights structs for which the amount of padding would increase when migrating from a 32-bit architecture to 64-bit.","warning","k_msgq includes 24 bits of padding on ILP32, but 56 bits on LP64.","/include/kernel.h","4125","8","4125","13"
"Padding increased in 64-bit migration","Highlights structs for which the amount of padding would increase when migrating from a 32-bit architecture to 64-bit.","warning","k_stack includes 24 bits of padding on ILP32, but 56 bits on LP64.","/include/kernel.h","2367","8","2367","14"
"Padding increased in 64-bit migration","Highlights structs for which the amount of padding would increase when migrating from a 32-bit architecture to 64-bit.","warning","k_queue includes 24 bits of padding on ILP32, but 56 bits on LP64.","/include/kernel.h","1655","8","1655","14"
"Padding increased in 64-bit migration","Highlights structs for which the amount of padding would increase when migrating from a 32-bit architecture to 64-bit.","warning","k_timer includes 0 bits of padding on ILP32, but 32 bits on LP64.","/include/kernel.h","1272","8","1272","14"
"Padding increased in 64-bit migration","Highlights structs for which the amount of padding would increase when migrating from a 32-bit architecture to 64-bit.","warning","k_mem_slab includes 24 bits of padding on ILP32, but 56 bits on LP64.","/include/kernel.h","4748","8","4748","17"
"Padding increased in 64-bit migration","Highlights structs for which the amount of padding would increase when migrating from a 32-bit architecture to 64-bit.","warning","k_mbox_msg includes 0 bits of padding on ILP32, but 32 bits on LP64.","/include/kernel.h","4407","8","4407","17"
"Padding increased in 64-bit migration","Highlights structs for which the amount of padding would increase when migrating from a 32-bit architecture to 64-bit.","warning","k_work_poll includes 16 bits of padding on ILP32, but 80 bits on LP64.","/include/kernel.h","3956","8","3956","18"
"Padding increased in 64-bit migration","Highlights structs for which the amount of padding would increase when migrating from a 32-bit architecture to 64-bit.","warning","_static_thread_data includes 0 bits of padding on ILP32, but 64 bits on LP64.","/include/kernel.h","616","8","616","26"
"Suboptimal type definition","Highlights structs whose members are not laid out optimally, in the sense that by reordering them one could reduce the amount of internal padding on a 64-bit architecture.","recommendation","arm_mpu_region could be optimized to save 64/64 bits of padding (or 34% of its size).","/include/arch/arm/aarch32/cortex_m/mpu/arm_mpu.h","25","8","25","21"
"Suboptimal type definition","Highlights structs whose members are not laid out optimally, in the sense that by reordering them one could reduce the amount of internal padding on a 64-bit architecture.","recommendation","k_thread could be optimized to save 64/64 bits of padding (or 5% of its size).","/include/kernel/thread.h","201","8","201","15"
"Suboptimal type definition","Highlights structs whose members are not laid out optimally, in the sense that by reordering them one could reduce the amount of internal padding on a 64-bit architecture.","recommendation","k_pipe could be optimized to save 64/112 bits of padding (or 12% of its size).","/include/kernel.h","4570","8","4570","13"
"Suboptimal type definition","Highlights structs whose members are not laid out optimally, in the sense that by reordering them one could reduce the amount of internal padding on a 64-bit architecture.","recommendation","k_msgq could be optimized to save 64/80 bits of padding (or 12% of its size).","/include/kernel.h","4125","8","4125","13"
"Suboptimal type definition","Highlights structs whose members are not laid out optimally, in the sense that by reordering them one could reduce the amount of internal padding on a 64-bit architecture.","recommendation","k_stack could be optimized to save 64/112 bits of padding (or 15% of its size).","/include/kernel.h","2367","8","2367","14"
"Suboptimal type definition","Highlights structs whose members are not laid out optimally, in the sense that by reordering them one could reduce the amount of internal padding on a 64-bit architecture.","recommendation","k_mem_slab could be optimized to save 64/88 bits of padding (or 15% of its size).","/include/kernel.h","4748","8","4748","17"
"Suboptimal type definition","Highlights structs whose members are not laid out optimally, in the sense that by reordering them one could reduce the amount of internal padding on a 64-bit architecture.","recommendation","k_work_poll could be optimized to save 64/112 bits of padding (or 8% of its size).","/include/kernel.h","3956","8","3956","18"
"Suboptimal type definition","Highlights structs whose members are not laid out optimally, in the sense that by reordering them one could reduce the amount of internal padding on a 64-bit architecture.","recommendation","_static_thread_data could be optimized to save 64/64 bits of padding (or 10% of its size).","/include/kernel.h","616","8","616","26"
"Multiplication result converted to larger type","A multiplication result that is converted to a larger type can be a sign that the result can overflow the type converted from.","warning","Multiplication result may overflow 'unsigned int' before it is converted to 'uint64_t'.","/include/sys/time_units.h","119","11","119","43"
"Unused include","Finds #include directives that are not needed because none of the included elements are used.","recommendation","Redundant include, this file does not require [[""/root/zephyrproject/zephyr/include/zephyr.h""|""relative:///include/zephyr.h:0:0:0:0""]].","/samples/basic/minimal/src/main.c","7","1","7","19"
"Variable not initialized before use","Using an uninitialized variable may lead to undefined results.","error","Variable 'key' is not initialized.","/include/arch/arm/aarch32/asm_inline_gcc.h","61","10","61","12"
"Variable not initialized before use","Using an uninitialized variable may lead to undefined results.","error","Variable 'tmp' is not initialized.","/include/arch/arm/aarch32/asm_inline_gcc.h","61","21","61","23"
"Variable not initialized before use","Using an uninitialized variable may lead to undefined results.","error","Variable 'key' is not initialized.","/include/arch/arm/aarch32/asm_inline_gcc.h","76","9","76","11"
"Variable is assigned a value that is never read","Assigning a value to a variable that is not used may indicate an error in the code.","warning","Variable 'key' is assigned a value that is never used","/include/arch/arm/aarch32/asm_inline_gcc.h","98","12","98","14"
"Variable is assigned a value that is never read","Assigning a value to a variable that is not used may indicate an error in the code.","warning","Variable 'tmp' is assigned a value that is never used","/include/arch/arm/aarch32/asm_inline_gcc.h","61","21","61","23"
"Function is never called","Unused functions may increase object size, decrease readability, and create the possibility of misuse.","warning","Dead Code: this function is never called.","/include/sys/arch_interface.h","759","20","759","37"
"Function is never called","Unused functions may increase object size, decrease readability, and create the possibility of misuse.","warning","Dead Code: this function is never called.","/include/sys/arch_interface.h","711","20","711","36"
"Function is never called","Unused functions may increase object size, decrease readability, and create the possibility of misuse.","warning","Dead Code: this function is never called.","/include/arch/arm/aarch32/asm_inline_gcc.h","111","27","111","43"
"Function is never called","Unused functions may increase object size, decrease readability, and create the possibility of misuse.","warning","Dead Code: this function is never called.","/include/sys/util.h","208","23","208","44"
"Function is never called","Unused functions may increase object size, decrease readability, and create the possibility of misuse.","warning","Dead Code: this function is never called.","/include/sys/util.h","196","20","196","34"
"Function is never called","Unused functions may increase object size, decrease readability, and create the possibility of misuse.","warning","Dead Code: this function is never called.","/include/irq.h","269","28","269","40"
"Function is never called","Unused functions may increase object size, decrease readability, and create the possibility of misuse.","warning","Dead Code: this function is never called.","/include/irq.h","65","1","65","19"
"Function is never called","Unused functions may increase object size, decrease readability, and create the possibility of misuse.","warning","Dead Code: this function is never called.","/include/arch/arm/aarch32/irq.h","147","20","147","41"
"Function is never called","Unused functions may increase object size, decrease readability, and create the possibility of misuse.","warning","Dead Code: this function is never called.","/include/arch/arm/aarch32/irq.h","140","20","140","41"
"Function is never called","Unused functions may increase object size, decrease readability, and create the possibility of misuse.","warning","Dead Code: this function is never called.","/include/arch/common/ffs.h","53","35","53","46"
"Function is never called","Unused functions may increase object size, decrease readability, and create the possibility of misuse.","warning","Dead Code: this function is never called.","/include/arch/common/ffs.h","31","35","31","46"
"Function is never called","Unused functions may increase object size, decrease readability, and create the possibility of misuse.","warning","Dead Code: this function is never called.","/include/arch/common/sys_bitops.h","100","6","100","36"
"Function is never called","Unused functions may increase object size, decrease readability, and create the possibility of misuse.","warning","Dead Code: this function is never called.","/include/arch/common/sys_bitops.h","89","6","89","34"
"Function is never called","Unused functions may increase object size, decrease readability, and create the possibility of misuse.","warning","Dead Code: this function is never called.","/include/arch/common/sys_bitops.h","78","6","78","27"
"Function is never called","Unused functions may increase object size, decrease readability, and create the possibility of misuse.","warning","Dead Code: this function is never called.","/include/arch/common/sys_bitops.h","67","6","67","25"
"Function is never called","Unused functions may increase object size, decrease readability, and create the possibility of misuse.","warning","Dead Code: this function is never called.","/include/arch/common/sys_io.h","48","27","48","37"
"Function is never called","Unused functions may increase object size, decrease readability, and create the possibility of misuse.","warning","Dead Code: this function is never called.","/include/arch/common/sys_io.h","43","31","43","40"
"Function is never called","Unused functions may increase object size, decrease readability, and create the possibility of misuse.","warning","Dead Code: this function is never called.","/include/arch/common/sys_io.h","38","27","38","37"
"Function is never called","Unused functions may increase object size, decrease readability, and create the possibility of misuse.","warning","Dead Code: this function is never called.","/include/arch/common/sys_io.h","33","31","33","40"
"Function is never called","Unused functions may increase object size, decrease readability, and create the possibility of misuse.","warning","Dead Code: this function is never called.","/include/arch/common/sys_io.h","28","27","28","36"
"Function is never called","Unused functions may increase object size, decrease readability, and create the possibility of misuse.","warning","Dead Code: this function is never called.","/include/arch/common/sys_io.h","23","30","23","38"
"Function is never called","Unused functions may increase object size, decrease readability, and create the possibility of misuse.","warning","Dead Code: this function is never called.","/include/sys/atomic_builtin.h","291","28","291","38"
"Function is never called","Unused functions may increase object size, decrease readability, and create the possibility of misuse.","warning","Dead Code: this function is never called.","/include/sys/atomic_builtin.h","257","28","257","37"
"Function is never called","Unused functions may increase object size, decrease readability, and create the possibility of misuse.","warning","Dead Code: this function is never called.","/include/sys/atomic_builtin.h","223","32","223","47"
"Function is never called","Unused functions may increase object size, decrease readability, and create the possibility of misuse.","warning","Dead Code: this function is never called.","/include/sys/atomic_builtin.h","207","28","207","39"
"Function is never called","Unused functions may increase object size, decrease readability, and create the possibility of misuse.","warning","Dead Code: this function is never called.","/include/sys/atomic_builtin.h","153","32","153","45"
"Function is never called","Unused functions may increase object size, decrease readability, and create the possibility of misuse.","warning","Dead Code: this function is never called.","/include/sys/atomic_builtin.h","123","28","123","37"
"Function is never called","Unused functions may increase object size, decrease readability, and create the possibility of misuse.","warning","Dead Code: this function is never called.","/include/sys/atomic_builtin.h","108","28","108","37"
"Function is never called","Unused functions may increase object size, decrease readability, and create the possibility of misuse.","warning","Dead Code: this function is never called.","/include/sys/atomic_builtin.h","58","20","58","33"
"Function is never called","Unused functions may increase object size, decrease readability, and create the possibility of misuse.","warning","Dead Code: this function is never called.","/include/sys/atomic_builtin.h","37","20","37","29"
"Function is never called","Unused functions may increase object size, decrease readability, and create the possibility of misuse.","warning","Dead Code: this function is never called.","/include/sys/atomic.h","221","20","221","36"
"Function is never called","Unused functions may increase object size, decrease readability, and create the possibility of misuse.","warning","Dead Code: this function is never called.","/include/sys/atomic.h","202","20","202","33"
"Function is never called","Unused functions may increase object size, decrease readability, and create the possibility of misuse.","warning","Dead Code: this function is never called.","/include/sys/atomic.h","142","20","142","44"
"Function is never called","Unused functions may increase object size, decrease readability, and create the possibility of misuse.","warning","Dead Code: this function is never called.","/include/sys/dlist.h","528","28","528","40"
"Function is never called","Unused functions may increase object size, decrease readability, and create the possibility of misuse.","warning","Dead Code: this function is never called.","/include/sys/dlist.h","478","20","478","38"
"Function is never called","Unused functions may increase object size, decrease readability, and create the possibility of misuse.","warning","Dead Code: this function is never called.","/include/sys/dlist.h","432","20","432","36"
"Function is never called","Unused functions may increase object size, decrease readability, and create the possibility of misuse.","warning","Dead Code: this function is never called.","/include/sys/dlist.h","394","28","394","46"
"Function is never called","Unused functions may increase object size, decrease readability, and create the possibility of misuse.","warning","Dead Code: this function is never called.","/include/sys/dlist.h","380","28","380","46"
"Function is never called","Unused functions may increase object size, decrease readability, and create the possibility of misuse.","warning","Dead Code: this function is never called.","/include/sys/dlist.h","313","28","313","56"
"Function is never called","Unused functions may increase object size, decrease readability, and create the possibility of misuse.","warning","Dead Code: this function is never called.","/include/sys/dlist.h","285","20","285","47"
"Function is never called","Unused functions may increase object size, decrease readability, and create the possibility of misuse.","warning","Dead Code: this function is never called.","/include/sys/dlist.h","257","20","257","36"
"Function is never called","Unused functions may increase object size, decrease readability, and create the possibility of misuse.","warning","Dead Code: this function is never called.","/include/sys/dlist.h","243","20","243","36"
"Function is never called","Unused functions may increase object size, decrease readability, and create the possibility of misuse.","warning","Dead Code: this function is never called.","/include/sys/dlist.h","229","20","229","38"
"Function is never called","Unused functions may increase object size, decrease readability, and create the possibility of misuse.","warning","Dead Code: this function is never called.","/include/sys/dlist.h","199","20","199","33"
"Function is never called","Unused functions may increase object size, decrease readability, and create the possibility of misuse.","warning","Dead Code: this function is never called.","/include/sys/rb.h","148","20","148","26"
"Function is never called","Unused functions may increase object size, decrease readability, and create the possibility of misuse.","warning","Dead Code: this function is never called.","/include/sys/rb.h","123","30","123","39"
"Function is never called","Unused functions may increase object size, decrease readability, and create the possibility of misuse.","warning","Dead Code: this function is never called.","/include/sys/rb.h","115","30","115","39"
"Function is never called","Unused functions may increase object size, decrease readability, and create the possibility of misuse.","warning","Dead Code: this function is never called.","/include/sys/slist.h","417","1","417","39"
"Function is never called","Unused functions may increase object size, decrease readability, and create the possibility of misuse.","warning","Dead Code: this function is never called.","/include/sys/slist.h","385","1","385","27"
"Function is never called","Unused functions may increase object size, decrease readability, and create the possibility of misuse.","warning","Dead Code: this function is never called.","/include/sys/slist.h","358","1","358","30"
"Function is never called","Unused functions may increase object size, decrease readability, and create the possibility of misuse.","warning","Dead Code: this function is never called.","/include/sys/slist.h","343","1","343","26"
"Function is never called","Unused functions may increase object size, decrease readability, and create the possibility of misuse.","warning","Dead Code: this function is never called.","/include/sys/sflist.h","447","1","447","29"
"Function is never called","Unused functions may increase object size, decrease readability, and create the possibility of misuse.","warning","Dead Code: this function is never called.","/include/sys/sflist.h","420","1","420","32"
"Function is never called","Unused functions may increase object size, decrease readability, and create the possibility of misuse.","warning","Dead Code: this function is never called.","/include/sys/sflist.h","405","1","405","27"
"Function is never called","Unused functions may increase object size, decrease readability, and create the possibility of misuse.","warning","Dead Code: this function is never called.","/include/sys/sflist.h","304","20","304","39"
"Function is never called","Unused functions may increase object size, decrease readability, and create the possibility of misuse.","warning","Dead Code: this function is never called.","/include/sys/sflist.h","288","20","288","34"
"Function is never called","Unused functions may increase object size, decrease readability, and create the possibility of misuse.","warning","Dead Code: this function is never called.","/include/syscall.h","113","20","113","36"
"Function is never called","Unused functions may increase object size, decrease readability, and create the possibility of misuse.","warning","Dead Code: this function is never called.","/include/syscall.h","93","27","93","40"
"Function is never called","Unused functions may increase object size, decrease readability, and create the possibility of misuse.","warning","Dead Code: this function is never called.","/include/arch/arm/aarch32/misc.h","29","27","29","34"
"Function is never called","Unused functions may increase object size, decrease readability, and create the possibility of misuse.","warning","Dead Code: this function is never called.","/lib/libc/minimal/include/stdlib.h","52","25","52","29"
"Function is never called","Unused functions may increase object size, decrease readability, and create the possibility of misuse.","warning","Dead Code: this function is never called.","/lib/libc/minimal/include/stdlib.h","47","20","47","23"
"Function is never called","Unused functions may increase object size, decrease readability, and create the possibility of misuse.","warning","Dead Code: this function is never called.","/lib/libc/minimal/include/stdlib.h","42","19","42","21"
"Function is never called","Unused functions may increase object size, decrease readability, and create the possibility of misuse.","warning","Dead Code: this function is never called.","/lib/libc/minimal/include/stdlib.h","34","20","34","23"
"Function is never called","Unused functions may increase object size, decrease readability, and create the possibility of misuse.","warning","Dead Code: this function is never called.","/include/sys/time_units.h","1377","39","1377","59"
"Function is never called","Unused functions may increase object size, decrease readability, and create the possibility of misuse.","warning","Dead Code: this function is never called.","/include/sys/time_units.h","1363","39","1363","59"
"Function is never called","Unused functions may increase object size, decrease readability, and create the possibility of misuse.","warning","Dead Code: this function is never called.","/include/sys/time_units.h","1349","39","1349","59"
"Function is never called","Unused functions may increase object size, decrease readability, and create the possibility of misuse.","warning","Dead Code: this function is never called.","/include/sys/time_units.h","1335","39","1335","59"
"Function is never called","Unused functions may increase object size, decrease readability, and create the possibility of misuse.","warning","Dead Code: this function is never called.","/include/sys/time_units.h","1321","39","1321","60"
"Function is never called","Unused functions may increase object size, decrease readability, and create the possibility of misuse.","warning","Dead Code: this function is never called.","/include/sys/time_units.h","1307","39","1307","60"
"Function is never called","Unused functions may increase object size, decrease readability, and create the possibility of misuse.","warning","Dead Code: this function is never called.","/include/sys/time_units.h","1293","39","1293","58"
"Function is never called","Unused functions may increase object size, decrease readability, and create the possibility of misuse.","warning","Dead Code: this function is never called.","/include/sys/time_units.h","1279","39","1279","58"
"Function is never called","Unused functions may increase object size, decrease readability, and create the possibility of misuse.","warning","Dead Code: this function is never called.","/include/sys/time_units.h","1265","39","1265","58"
"Function is never called","Unused functions may increase object size, decrease readability, and create the possibility of misuse.","warning","Dead Code: this function is never called.","/include/sys/time_units.h","1251","39","1251","58"
"Function is never called","Unused functions may increase object size, decrease readability, and create the possibility of misuse.","warning","Dead Code: this function is never called.","/include/sys/time_units.h","1237","39","1237","59"
"Function is never called","Unused functions may increase object size, decrease readability, and create the possibility of misuse.","warning","Dead Code: this function is never called.","/include/sys/time_units.h","1223","39","1223","59"
"Function is never called","Unused functions may increase object size, decrease readability, and create the possibility of misuse.","warning","Dead Code: this function is never called.","/include/sys/time_units.h","1209","39","1209","58"
"Function is never called","Unused functions may increase object size, decrease readability, and create the possibility of misuse.","warning","Dead Code: this function is never called.","/include/sys/time_units.h","1195","39","1195","58"
"Function is never called","Unused functions may increase object size, decrease readability, and create the possibility of misuse.","warning","Dead Code: this function is never called.","/include/sys/time_units.h","1181","39","1181","58"
"Function is never called","Unused functions may increase object size, decrease readability, and create the possibility of misuse.","warning","Dead Code: this function is never called.","/include/sys/time_units.h","1167","39","1167","58"
"Function is never called","Unused functions may increase object size, decrease readability, and create the possibility of misuse.","warning","Dead Code: this function is never called.","/include/sys/time_units.h","1153","39","1153","59"
"Function is never called","Unused functions may increase object size, decrease readability, and create the possibility of misuse.","warning","Dead Code: this function is never called.","/include/sys/time_units.h","1139","39","1139","59"
"Function is never called","Unused functions may increase object size, decrease readability, and create the possibility of misuse.","warning","Dead Code: this function is never called.","/include/sys/time_units.h","1125","39","1125","58"
"Function is never called","Unused functions may increase object size, decrease readability, and create the possibility of misuse.","warning","Dead Code: this function is never called.","/include/sys/time_units.h","1111","39","1111","58"
"Function is never called","Unused functions may increase object size, decrease readability, and create the possibility of misuse.","warning","Dead Code: this function is never called.","/include/sys/time_units.h","1097","39","1097","58"
"Function is never called","Unused functions may increase object size, decrease readability, and create the possibility of misuse.","warning","Dead Code: this function is never called.","/include/sys/time_units.h","1083","39","1083","58"
"Function is never called","Unused functions may increase object size, decrease readability, and create the possibility of misuse.","warning","Dead Code: this function is never called.","/include/sys/time_units.h","1041","39","1041","59"
"Function is never called","Unused functions may increase object size, decrease readability, and create the possibility of misuse.","warning","Dead Code: this function is never called.","/include/sys/time_units.h","1027","39","1027","59"
"Function is never called","Unused functions may increase object size, decrease readability, and create the possibility of misuse.","warning","Dead Code: this function is never called.","/include/sys/time_units.h","1013","39","1013","59"
"Function is never called","Unused functions may increase object size, decrease readability, and create the possibility of misuse.","warning","Dead Code: this function is never called.","/include/sys/time_units.h","999","39","999","59"
"Function is never called","Unused functions may increase object size, decrease readability, and create the possibility of misuse.","warning","Dead Code: this function is never called.","/include/sys/time_units.h","985","39","985","60"
"Function is never called","Unused functions may increase object size, decrease readability, and create the possibility of misuse.","warning","Dead Code: this function is never called.","/include/sys/time_units.h","971","39","971","60"
"Function is never called","Unused functions may increase object size, decrease readability, and create the possibility of misuse.","warning","Dead Code: this function is never called.","/include/sys/time_units.h","957","39","957","56"
"Function is never called","Unused functions may increase object size, decrease readability, and create the possibility of misuse.","warning","Dead Code: this function is never called.","/include/sys/time_units.h","943","39","943","56"
"Function is never called","Unused functions may increase object size, decrease readability, and create the possibility of misuse.","warning","Dead Code: this function is never called.","/include/sys/time_units.h","929","39","929","56"
"Function is never called","Unused functions may increase object size, decrease readability, and create the possibility of misuse.","warning","Dead Code: this function is never called.","/include/sys/time_units.h","915","39","915","56"
"Function is never called","Unused functions may increase object size, decrease readability, and create the possibility of misuse.","warning","Dead Code: this function is never called.","/include/sys/time_units.h","901","39","901","57"
"Function is never called","Unused functions may increase object size, decrease readability, and create the possibility of misuse.","warning","Dead Code: this function is never called.","/include/sys/time_units.h","887","39","887","57"
"Function is never called","Unused functions may increase object size, decrease readability, and create the possibility of misuse.","warning","Dead Code: this function is never called.","/include/sys/time_units.h","873","39","873","56"
"Function is never called","Unused functions may increase object size, decrease readability, and create the possibility of misuse.","warning","Dead Code: this function is never called.","/include/sys/time_units.h","859","39","859","56"
"Function is never called","Unused functions may increase object size, decrease readability, and create the possibility of misuse.","warning","Dead Code: this function is never called.","/include/sys/time_units.h","845","39","845","56"
"Function is never called","Unused functions may increase object size, decrease readability, and create the possibility of misuse.","warning","Dead Code: this function is never called.","/include/sys/time_units.h","831","39","831","56"
"Function is never called","Unused functions may increase object size, decrease readability, and create the possibility of misuse.","warning","Dead Code: this function is never called.","/include/sys/time_units.h","817","39","817","57"
"Function is never called","Unused functions may increase object size, decrease readability, and create the possibility of misuse.","warning","Dead Code: this function is never called.","/include/sys/time_units.h","803","39","803","57"
"Function is never called","Unused functions may increase object size, decrease readability, and create the possibility of misuse.","warning","Dead Code: this function is never called.","/include/sys/time_units.h","789","39","789","56"
"Function is never called","Unused functions may increase object size, decrease readability, and create the possibility of misuse.","warning","Dead Code: this function is never called.","/include/sys/time_units.h","775","39","775","56"
"Function is never called","Unused functions may increase object size, decrease readability, and create the possibility of misuse.","warning","Dead Code: this function is never called.","/include/sys/time_units.h","761","39","761","56"
"Function is never called","Unused functions may increase object size, decrease readability, and create the possibility of misuse.","warning","Dead Code: this function is never called.","/include/sys/time_units.h","747","39","747","56"
"Function is never called","Unused functions may increase object size, decrease readability, and create the possibility of misuse.","warning","Dead Code: this function is never called.","/include/sys/time_units.h","733","39","733","57"
"Function is never called","Unused functions may increase object size, decrease readability, and create the possibility of misuse.","warning","Dead Code: this function is never called.","/include/sys/time_units.h","719","39","719","57"
"Function is never called","Unused functions may increase object size, decrease readability, and create the possibility of misuse.","warning","Dead Code: this function is never called.","/include/sys/time_units.h","705","39","705","58"
"Function is never called","Unused functions may increase object size, decrease readability, and create the possibility of misuse.","warning","Dead Code: this function is never called.","/include/sys/time_units.h","691","39","691","58"
"Function is never called","Unused functions may increase object size, decrease readability, and create the possibility of misuse.","warning","Dead Code: this function is never called.","/include/sys/time_units.h","677","39","677","58"
"Function is never called","Unused functions may increase object size, decrease readability, and create the possibility of misuse.","warning","Dead Code: this function is never called.","/include/sys/time_units.h","663","39","663","58"
"Function is never called","Unused functions may increase object size, decrease readability, and create the possibility of misuse.","warning","Dead Code: this function is never called.","/include/sys/time_units.h","649","39","649","59"
"Function is never called","Unused functions may increase object size, decrease readability, and create the possibility of misuse.","warning","Dead Code: this function is never called.","/include/sys/time_units.h","635","39","635","59"
"Function is never called","Unused functions may increase object size, decrease readability, and create the possibility of misuse.","warning","Dead Code: this function is never called.","/include/sys/time_units.h","621","39","621","56"
"Function is never called","Unused functions may increase object size, decrease readability, and create the possibility of misuse.","warning","Dead Code: this function is never called.","/include/sys/time_units.h","607","39","607","56"
"Function is never called","Unused functions may increase object size, decrease readability, and create the possibility of misuse.","warning","Dead Code: this function is never called.","/include/sys/time_units.h","593","39","593","56"
"Function is never called","Unused functions may increase object size, decrease readability, and create the possibility of misuse.","warning","Dead Code: this function is never called.","/include/sys/time_units.h","579","39","579","56"
"Function is never called","Unused functions may increase object size, decrease readability, and create the possibility of misuse.","warning","Dead Code: this function is never called.","/include/sys/time_units.h","565","39","565","57"
"Function is never called","Unused functions may increase object size, decrease readability, and create the possibility of misuse.","warning","Dead Code: this function is never called.","/include/sys/time_units.h","551","39","551","57"
"Function is never called","Unused functions may increase object size, decrease readability, and create the possibility of misuse.","warning","Dead Code: this function is never called.","/include/sys/time_units.h","537","39","537","58"
"Function is never called","Unused functions may increase object size, decrease readability, and create the possibility of misuse.","warning","Dead Code: this function is never called.","/include/sys/time_units.h","523","39","523","58"
"Function is never called","Unused functions may increase object size, decrease readability, and create the possibility of misuse.","warning","Dead Code: this function is never called.","/include/sys/time_units.h","509","39","509","58"
"Function is never called","Unused functions may increase object size, decrease readability, and create the possibility of misuse.","warning","Dead Code: this function is never called.","/include/sys/time_units.h","495","39","495","58"
"Function is never called","Unused functions may increase object size, decrease readability, and create the possibility of misuse.","warning","Dead Code: this function is never called.","/include/sys/time_units.h","481","39","481","59"
"Function is never called","Unused functions may increase object size, decrease readability, and create the possibility of misuse.","warning","Dead Code: this function is never called.","/include/sys/time_units.h","467","39","467","59"
"Function is never called","Unused functions may increase object size, decrease readability, and create the possibility of misuse.","warning","Dead Code: this function is never called.","/include/sys/time_units.h","453","39","453","56"
"Function is never called","Unused functions may increase object size, decrease readability, and create the possibility of misuse.","warning","Dead Code: this function is never called.","/include/sys/time_units.h","439","39","439","56"
"Function is never called","Unused functions may increase object size, decrease readability, and create the possibility of misuse.","warning","Dead Code: this function is never called.","/include/sys/time_units.h","425","39","425","56"
"Function is never called","Unused functions may increase object size, decrease readability, and create the possibility of misuse.","warning","Dead Code: this function is never called.","/include/sys/time_units.h","411","39","411","56"
"Function is never called","Unused functions may increase object size, decrease readability, and create the possibility of misuse.","warning","Dead Code: this function is never called.","/include/sys/time_units.h","397","39","397","57"
"Function is never called","Unused functions may increase object size, decrease readability, and create the possibility of misuse.","warning","Dead Code: this function is never called.","/include/sys/time_units.h","383","39","383","57"
"Function is never called","Unused functions may increase object size, decrease readability, and create the possibility of misuse.","warning","Dead Code: this function is never called.","/include/sys/time_units.h","355","39","355","58"
"Function is never called","Unused functions may increase object size, decrease readability, and create the possibility of misuse.","warning","Dead Code: this function is never called.","/include/sys/time_units.h","341","39","341","58"
"Function is never called","Unused functions may increase object size, decrease readability, and create the possibility of misuse.","warning","Dead Code: this function is never called.","/include/sys/time_units.h","327","39","327","58"
"Function is never called","Unused functions may increase object size, decrease readability, and create the possibility of misuse.","warning","Dead Code: this function is never called.","/include/sys/time_units.h","313","39","313","59"
"Function is never called","Unused functions may increase object size, decrease readability, and create the possibility of misuse.","warning","Dead Code: this function is never called.","/include/sys/time_units.h","299","39","299","59"
"Function is never called","Unused functions may increase object size, decrease readability, and create the possibility of misuse.","warning","Dead Code: this function is never called.","/include/sys/time_units.h","285","39","285","56"
"Function is never called","Unused functions may increase object size, decrease readability, and create the possibility of misuse.","warning","Dead Code: this function is never called.","/include/sys/time_units.h","271","39","271","56"
"Function is never called","Unused functions may increase object size, decrease readability, and create the possibility of misuse.","warning","Dead Code: this function is never called.","/include/sys/time_units.h","257","39","257","56"
"Function is never called","Unused functions may increase object size, decrease readability, and create the possibility of misuse.","warning","Dead Code: this function is never called.","/include/sys/time_units.h","243","39","243","56"
"Function is never called","Unused functions may increase object size, decrease readability, and create the possibility of misuse.","warning","Dead Code: this function is never called.","/include/sys/time_units.h","229","39","229","57"
"Function is never called","Unused functions may increase object size, decrease readability, and create the possibility of misuse.","warning","Dead Code: this function is never called.","/include/sys/time_units.h","215","39","215","57"
"Function is never called","Unused functions may increase object size, decrease readability, and create the possibility of misuse.","warning","Dead Code: this function is never called.","/include/spinlock.h","191","27","191","40"
"Function is never called","Unused functions may increase object size, decrease readability, and create the possibility of misuse.","warning","Dead Code: this function is never called.","/include/spinlock.h","167","27","167","39"
"Function is never called","Unused functions may increase object size, decrease readability, and create the possibility of misuse.","warning","Dead Code: this function is never called.","/include/spinlock.h","117","39","117","49"
"Function is never called","Unused functions may increase object size, decrease readability, and create the possibility of misuse.","warning","Dead Code: this function is never called.","/include/sys/thread_stack.h","178","21","178","41"
"Function is never called","Unused functions may increase object size, decrease readability, and create the possibility of misuse.","warning","Dead Code: this function is never called.","/include/sys/thread_stack.h","61","21","61","37"
"Function is never called","Unused functions may increase object size, decrease readability, and create the possibility of misuse.","warning","Dead Code: this function is never called.","/build/zephyr/include/generated/syscalls/kobject.h","53","22","53","35"
"Function is never called","Unused functions may increase object size, decrease readability, and create the possibility of misuse.","warning","Dead Code: this function is never called.","/build/zephyr/include/generated/syscalls/kobject.h","39","20","39","35"
"Function is never called","Unused functions may increase object size, decrease readability, and create the possibility of misuse.","warning","Dead Code: this function is never called.","/build/zephyr/include/generated/syscalls/kobject.h","25","20","25","40"
"Function is never called","Unused functions may increase object size, decrease readability, and create the possibility of misuse.","warning","Dead Code: this function is never called.","/include/sys/kobject.h","342","20","342","32"
"Function is never called","Unused functions may increase object size, decrease readability, and create the possibility of misuse.","warning","Dead Code: this function is never called.","/include/sys/kobject.h","330","32","330","54"
"Function is never called","Unused functions may increase object size, decrease readability, and create the possibility of misuse.","warning","Dead Code: this function is never called.","/include/sys/kobject.h","321","32","321","62"
"Function is never called","Unused functions may increase object size, decrease readability, and create the possibility of misuse.","warning","Dead Code: this function is never called.","/include/sys/kobject.h","177","20","177","44"
"Function is never called","Unused functions may increase object size, decrease readability, and create the possibility of misuse.","warning","Dead Code: this function is never called.","/include/sys/kobject.h","162","20","162","41"
"Function is never called","Unused functions may increase object size, decrease readability, and create the possibility of misuse.","warning","Dead Code: this function is never called.","/include/sys/kobject.h","144","20","144","32"
"Function is never called","Unused functions may increase object size, decrease readability, and create the possibility of misuse.","warning","Dead Code: this function is never called.","/build/zephyr/include/generated/syscalls/errno_private.h","25","21","25","27"
"Function is never called","Unused functions may increase object size, decrease readability, and create the possibility of misuse.","warning","Dead Code: this function is never called.","/build/zephyr/include/generated/syscalls/kernel.h","1099","19","1099","32"
"Function is never called","Unused functions may increase object size, decrease readability, and create the possibility of misuse.","warning","Dead Code: this function is never called.","/build/zephyr/include/generated/syscalls/kernel.h","1086","19","1086","33"
"Function is never called","Unused functions may increase object size, decrease readability, and create the possibility of misuse.","warning","Dead Code: this function is never called.","/build/zephyr/include/generated/syscalls/kernel.h","1072","20","1072","28"
"Function is never called","Unused functions may increase object size, decrease readability, and create the possibility of misuse.","warning","Dead Code: this function is never called.","/build/zephyr/include/generated/syscalls/kernel.h","1059","19","1059","37"
"Function is never called","Unused functions may increase object size, decrease readability, and create the possibility of misuse.","warning","Dead Code: this function is never called.","/build/zephyr/include/generated/syscalls/kernel.h","1045","20","1045","38"
"Function is never called","Unused functions may increase object size, decrease readability, and create the possibility of misuse.","warning","Dead Code: this function is never called.","/build/zephyr/include/generated/syscalls/kernel.h","1031","20","1031","38"
"Function is never called","Unused functions may increase object size, decrease readability, and create the possibility of misuse.","warning","Dead Code: this function is never called.","/build/zephyr/include/generated/syscalls/kernel.h","1017","20","1017","37"
"Function is never called","Unused functions may increase object size, decrease readability, and create the possibility of misuse.","warning","Dead Code: this function is never called.","/build/zephyr/include/generated/syscalls/kernel.h","1002","19","1002","24"
"Function is never called","Unused functions may increase object size, decrease readability, and create the possibility of misuse.","warning","Dead Code: this function is never called.","/build/zephyr/include/generated/syscalls/kernel.h","989","22","989","39"
"Function is never called","Unused functions may increase object size, decrease readability, and create the possibility of misuse.","warning","Dead Code: this function is never called.","/build/zephyr/include/generated/syscalls/kernel.h","976","22","976","38"
"Function is never called","Unused functions may increase object size, decrease readability, and create the possibility of misuse.","warning","Dead Code: this function is never called.","/build/zephyr/include/generated/syscalls/kernel.h","957","19","957","28"
"Function is never called","Unused functions may increase object size, decrease readability, and create the possibility of misuse.","warning","Dead Code: this function is never called.","/build/zephyr/include/generated/syscalls/kernel.h","938","19","938","28"
"Function is never called","Unused functions may increase object size, decrease readability, and create the possibility of misuse.","warning","Dead Code: this function is never called.","/build/zephyr/include/generated/syscalls/kernel.h","925","19","925","35"
"Function is never called","Unused functions may increase object size, decrease readability, and create the possibility of misuse.","warning","Dead Code: this function is never called.","/build/zephyr/include/generated/syscalls/kernel.h","912","24","912","42"
"Function is never called","Unused functions may increase object size, decrease readability, and create the possibility of misuse.","warning","Dead Code: this function is never called.","/build/zephyr/include/generated/syscalls/kernel.h","898","20","898","35"
"Function is never called","Unused functions may increase object size, decrease readability, and create the possibility of misuse.","warning","Dead Code: this function is never called.","/build/zephyr/include/generated/syscalls/kernel.h","885","24","885","42"
"Function is never called","Unused functions may increase object size, decrease readability, and create the possibility of misuse.","warning","Dead Code: this function is never called.","/build/zephyr/include/generated/syscalls/kernel.h","871","20","871","31"
"Function is never called","Unused functions may increase object size, decrease readability, and create the possibility of misuse.","warning","Dead Code: this function is never called.","/build/zephyr/include/generated/syscalls/kernel.h","858","19","858","29"
"Function is never called","Unused functions may increase object size, decrease readability, and create the possibility of misuse.","warning","Dead Code: this function is never called.","/build/zephyr/include/generated/syscalls/kernel.h","843","19","843","28"
"Function is never called","Unused functions may increase object size, decrease readability, and create the possibility of misuse.","warning","Dead Code: this function is never called.","/build/zephyr/include/generated/syscalls/kernel.h","828","19","828","28"
"Function is never called","Unused functions may increase object size, decrease readability, and create the possibility of misuse.","warning","Dead Code: this function is never called.","/build/zephyr/include/generated/syscalls/kernel.h","815","19","815","35"
"Function is never called","Unused functions may increase object size, decrease readability, and create the possibility of misuse.","warning","Dead Code: this function is never called.","/build/zephyr/include/generated/syscalls/kernel.h","802","28","802","42"
"Function is never called","Unused functions may increase object size, decrease readability, and create the possibility of misuse.","warning","Dead Code: this function is never called.","/build/zephyr/include/generated/syscalls/kernel.h","788","20","788","30"
"Function is never called","Unused functions may increase object size, decrease readability, and create the possibility of misuse.","warning","Dead Code: this function is never called.","/build/zephyr/include/generated/syscalls/kernel.h","774","20","774","29"
"Function is never called","Unused functions may increase object size, decrease readability, and create the possibility of misuse.","warning","Dead Code: this function is never called.","/build/zephyr/include/generated/syscalls/kernel.h","759","19","759","28"
"Function is never called","Unused functions may increase object size, decrease readability, and create the possibility of misuse.","warning","Dead Code: this function is never called.","/build/zephyr/include/generated/syscalls/kernel.h","746","19","746","28"
"Function is never called","Unused functions may increase object size, decrease readability, and create the possibility of misuse.","warning","Dead Code: this function is never called.","/build/zephyr/include/generated/syscalls/kernel.h","731","19","731","32"
"Function is never called","Unused functions may increase object size, decrease readability, and create the possibility of misuse.","warning","Dead Code: this function is never called.","/build/zephyr/include/generated/syscalls/kernel.h","718","19","718","37"
"Function is never called","Unused functions may increase object size, decrease readability, and create the possibility of misuse.","warning","Dead Code: this function is never called.","/build/zephyr/include/generated/syscalls/kernel.h","705","19","705","34"
"Function is never called","Unused functions may increase object size, decrease readability, and create the possibility of misuse.","warning","Dead Code: this function is never called.","/build/zephyr/include/generated/syscalls/kernel.h","692","19","692","32"
"Function is never called","Unused functions may increase object size, decrease readability, and create the possibility of misuse.","warning","Dead Code: this function is never called.","/build/zephyr/include/generated/syscalls/kernel.h","679","19","679","32"
"Function is never called","Unused functions may increase object size, decrease readability, and create the possibility of misuse.","warning","Dead Code: this function is never called.","/build/zephyr/include/generated/syscalls/kernel.h","664","19","664","30"
"Function is never called","Unused functions may increase object size, decrease readability, and create the possibility of misuse.","warning","Dead Code: this function is never called.","/build/zephyr/include/generated/syscalls/kernel.h","651","19","651","30"
"Function is never called","Unused functions may increase object size, decrease readability, and create the possibility of misuse.","warning","Dead Code: this function is never called.","/build/zephyr/include/generated/syscalls/kernel.h","636","19","636","29"
"Function is never called","Unused functions may increase object size, decrease readability, and create the possibility of misuse.","warning","Dead Code: this function is never called.","/build/zephyr/include/generated/syscalls/kernel.h","623","19","623","30"
"Function is never called","Unused functions may increase object size, decrease readability, and create the possibility of misuse.","warning","Dead Code: this function is never called.","/build/zephyr/include/generated/syscalls/kernel.h","610","23","610","40"
"Function is never called","Unused functions may increase object size, decrease readability, and create the possibility of misuse.","warning","Dead Code: this function is never called.","/build/zephyr/include/generated/syscalls/kernel.h","597","19","597","30"
"Function is never called","Unused functions may increase object size, decrease readability, and create the possibility of misuse.","warning","Dead Code: this function is never called.","/build/zephyr/include/generated/syscalls/kernel.h","582","19","582","30"
"Function is never called","Unused functions may increase object size, decrease readability, and create the possibility of misuse.","warning","Dead Code: this function is never called.","/build/zephyr/include/generated/syscalls/kernel.h","569","22","569","38"
"Function is never called","Unused functions may increase object size, decrease readability, and create the possibility of misuse.","warning","Dead Code: this function is never called.","/build/zephyr/include/generated/syscalls/kernel.h","556","22","556","38"
"Function is never called","Unused functions may increase object size, decrease readability, and create the possibility of misuse.","warning","Dead Code: this function is never called.","/build/zephyr/include/generated/syscalls/kernel.h","543","19","543","34"
"Function is never called","Unused functions may increase object size, decrease readability, and create the possibility of misuse.","warning","Dead Code: this function is never called.","/build/zephyr/include/generated/syscalls/kernel.h","528","22","528","32"
"Function is never called","Unused functions may increase object size, decrease readability, and create the possibility of misuse.","warning","Dead Code: this function is never called.","/build/zephyr/include/generated/syscalls/kernel.h","515","23","515","43"
"Function is never called","Unused functions may increase object size, decrease readability, and create the possibility of misuse.","warning","Dead Code: this function is never called.","/build/zephyr/include/generated/syscalls/kernel.h","488","20","488","38"
"Function is never called","Unused functions may increase object size, decrease readability, and create the possibility of misuse.","warning","Dead Code: this function is never called.","/build/zephyr/include/generated/syscalls/kernel.h","474","20","474","31"
"Function is never called","Unused functions may increase object size, decrease readability, and create the possibility of misuse.","warning","Dead Code: this function is never called.","/build/zephyr/include/generated/syscalls/kernel.h","446","22","446","42"
"Function is never called","Unused functions may increase object size, decrease readability, and create the possibility of misuse.","warning","Dead Code: this function is never called.","/build/zephyr/include/generated/syscalls/kernel.h","432","20","432","40"
"Function is never called","Unused functions may increase object size, decrease readability, and create the possibility of misuse.","warning","Dead Code: this function is never called.","/build/zephyr/include/generated/syscalls/kernel.h","406","25","406","45"
"Function is never called","Unused functions may increase object size, decrease readability, and create the possibility of misuse.","warning","Dead Code: this function is never called.","/build/zephyr/include/generated/syscalls/kernel.h","393","24","393","42"
"Function is never called","Unused functions may increase object size, decrease readability, and create the possibility of misuse.","warning","Dead Code: this function is never called.","/build/zephyr/include/generated/syscalls/kernel.h","380","24","380","41"
"Function is never called","Unused functions may increase object size, decrease readability, and create the possibility of misuse.","warning","Dead Code: this function is never called.","/build/zephyr/include/generated/syscalls/kernel.h","366","20","366","31"
"Function is never called","Unused functions may increase object size, decrease readability, and create the possibility of misuse.","warning","Dead Code: this function is never called.","/build/zephyr/include/generated/syscalls/kernel.h","348","20","348","32"
"Function is never called","Unused functions may increase object size, decrease readability, and create the possibility of misuse.","warning","Dead Code: this function is never called.","/build/zephyr/include/generated/syscalls/kernel.h","335","19","335","36"
"Function is never called","Unused functions may increase object size, decrease readability, and create the possibility of misuse.","warning","Dead Code: this function is never called.","/build/zephyr/include/generated/syscalls/kernel.h","322","19","322","35"
"Function is never called","Unused functions may increase object size, decrease readability, and create the possibility of misuse.","warning","Dead Code: this function is never called.","/build/zephyr/include/generated/syscalls/kernel.h","309","22","309","45"
"Function is never called","Unused functions may increase object size, decrease readability, and create the possibility of misuse.","warning","Dead Code: this function is never called.","/build/zephyr/include/generated/syscalls/kernel.h","295","20","295","43"
"Function is never called","Unused functions may increase object size, decrease readability, and create the possibility of misuse.","warning","Dead Code: this function is never called.","/build/zephyr/include/generated/syscalls/kernel.h","282","19","282","37"
"Function is never called","Unused functions may increase object size, decrease readability, and create the possibility of misuse.","warning","Dead Code: this function is never called.","/build/zephyr/include/generated/syscalls/kernel.h","268","20","268","34"
"Function is never called","Unused functions may increase object size, decrease readability, and create the possibility of misuse.","warning","Dead Code: this function is never called.","/build/zephyr/include/generated/syscalls/kernel.h","254","20","254","35"
"Function is never called","Unused functions may increase object size, decrease readability, and create the possibility of misuse.","warning","Dead Code: this function is never called.","/build/zephyr/include/generated/syscalls/kernel.h","240","20","240","40"
"Function is never called","Unused functions may increase object size, decrease readability, and create the possibility of misuse.","warning","Dead Code: this function is never called.","/build/zephyr/include/generated/syscalls/kernel.h","226","20","226","40"
"Function is never called","Unused functions may increase object size, decrease readability, and create the possibility of misuse.","warning","Dead Code: this function is never called.","/build/zephyr/include/generated/syscalls/kernel.h","213","19","213","39"
"Function is never called","Unused functions may increase object size, decrease readability, and create the possibility of misuse.","warning","Dead Code: this function is never called.","/build/zephyr/include/generated/syscalls/kernel.h","200","25","200","56"
"Function is never called","Unused functions may increase object size, decrease readability, and create the possibility of misuse.","warning","Dead Code: this function is never called.","/build/zephyr/include/generated/syscalls/kernel.h","187","25","187","54"
"Function is never called","Unused functions may increase object size, decrease readability, and create the possibility of misuse.","warning","Dead Code: this function is never called.","/build/zephyr/include/generated/syscalls/kernel.h","173","20","173","33"
"Function is never called","Unused functions may increase object size, decrease readability, and create the possibility of misuse.","warning","Dead Code: this function is never called.","/build/zephyr/include/generated/syscalls/kernel.h","159","20","159","33"
"Function is never called","Unused functions may increase object size, decrease readability, and create the possibility of misuse.","warning","Dead Code: this function is never called.","/build/zephyr/include/generated/syscalls/kernel.h","146","23","146","35"
"Function is never called","Unused functions may increase object size, decrease readability, and create the possibility of misuse.","warning","Dead Code: this function is never called.","/build/zephyr/include/generated/syscalls/kernel.h","132","20","132","27"
"Function is never called","Unused functions may increase object size, decrease readability, and create the possibility of misuse.","warning","Dead Code: this function is never called.","/build/zephyr/include/generated/syscalls/kernel.h","118","20","118","26"
"Function is never called","Unused functions may increase object size, decrease readability, and create the possibility of misuse.","warning","Dead Code: this function is never called.","/build/zephyr/include/generated/syscalls/kernel.h","104","20","104","30"
"Function is never called","Unused functions may increase object size, decrease readability, and create the possibility of misuse.","warning","Dead Code: this function is never called.","/build/zephyr/include/generated/syscalls/kernel.h","91","23","91","30"
"Function is never called","Unused functions may increase object size, decrease readability, and create the possibility of misuse.","warning","Dead Code: this function is never called.","/build/zephyr/include/generated/syscalls/kernel.h","61","19","61","31"
"Function is never called","Unused functions may increase object size, decrease readability, and create the possibility of misuse.","warning","Dead Code: this function is never called.","/build/zephyr/include/generated/syscalls/kernel.h","48","19","48","42"
"Function is never called","Unused functions may increase object size, decrease readability, and create the possibility of misuse.","warning","Dead Code: this function is never called.","/build/zephyr/include/generated/syscalls/kernel.h","25","23","25","37"
"Function is never called","Unused functions may increase object size, decrease readability, and create the possibility of misuse.","warning","Dead Code: this function is never called.","/include/kernel.h","5469","20","5469","36"
"Function is never called","Unused functions may increase object size, decrease readability, and create the possibility of misuse.","warning","Dead Code: this function is never called.","/include/kernel.h","5448","20","5448","29"
"Function is never called","Unused functions may increase object size, decrease readability, and create the possibility of misuse.","warning","Dead Code: this function is never called.","/include/kernel.h","5075","21","5075","28"
"Function is never called","Unused functions may increase object size, decrease readability, and create the possibility of misuse.","warning","Dead Code: this function is never called.","/include/kernel.h","4998","21","4998","32"
"Function is never called","Unused functions may increase object size, decrease readability, and create the possibility of misuse.","warning","Dead Code: this function is never called.","/include/kernel.h","4921","24","4921","46"
"Function is never called","Unused functions may increase object size, decrease readability, and create the possibility of misuse.","warning","Dead Code: this function is never called.","/include/kernel.h","4901","24","4901","46"
"Function is never called","Unused functions may increase object size, decrease readability, and create the possibility of misuse.","warning","Dead Code: this function is never called.","/include/kernel.h","4886","24","4886","46"
"Function is never called","Unused functions may increase object size, decrease readability, and create the possibility of misuse.","warning","Dead Code: this function is never called.","/include/kernel.h","4089","19","4089","36"
"Function is never called","Unused functions may increase object size, decrease readability, and create the possibility of misuse.","warning","Dead Code: this function is never called.","/include/kernel.h","3903","19","3903","45"
"Function is never called","Unused functions may increase object size, decrease readability, and create the possibility of misuse.","warning","Dead Code: this function is never called.","/include/kernel.h","3880","20","3880","41"
"Function is never called","Unused functions may increase object size, decrease readability, and create the possibility of misuse.","warning","Dead Code: this function is never called.","/include/kernel.h","3858","20","3858","35"
"Function is never called","Unused functions may increase object size, decrease readability, and create the possibility of misuse.","warning","Dead Code: this function is never called.","/include/kernel.h","3777","25","3777","54"
"Function is never called","Unused functions may increase object size, decrease readability, and create the possibility of misuse.","warning","Dead Code: this function is never called.","/include/kernel.h","3770","25","3770","52"
"Function is never called","Unused functions may increase object size, decrease readability, and create the possibility of misuse.","warning","Dead Code: this function is never called.","/include/kernel.h","3761","23","3761","50"
"Function is never called","Unused functions may increase object size, decrease readability, and create the possibility of misuse.","warning","Dead Code: this function is never called.","/include/kernel.h","3755","20","3755","41"
"Function is never called","Unused functions may increase object size, decrease readability, and create the possibility of misuse.","warning","Dead Code: this function is never called.","/include/kernel.h","3714","19","3714","39"
"Function is never called","Unused functions may increase object size, decrease readability, and create the possibility of misuse.","warning","Dead Code: this function is never called.","/include/kernel.h","3704","19","3704","39"
"Function is never called","Unused functions may increase object size, decrease readability, and create the possibility of misuse.","warning","Dead Code: this function is never called.","/include/kernel.h","3693","19","3693","48"
"Function is never called","Unused functions may increase object size, decrease readability, and create the possibility of misuse.","warning","Dead Code: this function is never called.","/include/kernel.h","3686","20","3686","38"
"Function is never called","Unused functions may increase object size, decrease readability, and create the possibility of misuse.","warning","Dead Code: this function is never called.","/include/kernel.h","3668","20","3668","33"
"Function is never called","Unused functions may increase object size, decrease readability, and create the possibility of misuse.","warning","Dead Code: this function is never called.","/include/kernel.h","3662","20","3662","33"
"Function is never called","Unused functions may increase object size, decrease readability, and create the possibility of misuse.","warning","Dead Code: this function is never called.","/include/kernel.h","3654","23","3654","45"
"Function is never called","Unused functions may increase object size, decrease readability, and create the possibility of misuse.","warning","Dead Code: this function is never called.","/include/kernel.h","3631","1","3631","26"
"Function is never called","Unused functions may increase object size, decrease readability, and create the possibility of misuse.","warning","Dead Code: this function is never called.","/include/kernel.h","3246","19","3246","33"
"Function is never called","Unused functions may increase object size, decrease readability, and create the possibility of misuse.","warning","Dead Code: this function is never called.","/include/kernel.h","2959","19","2959","31"
"Function is never called","Unused functions may increase object size, decrease readability, and create the possibility of misuse.","warning","Dead Code: this function is never called.","/include/kernel.h","1891","20","1891","40"
"Function is never called","Unused functions may increase object size, decrease readability, and create the possibility of misuse.","warning","Dead Code: this function is never called.","/include/kernel.h","1872","20","1872","33"
"Function is never called","Unused functions may increase object size, decrease readability, and create the possibility of misuse.","warning","Dead Code: this function is never called.","/include/kernel.h","1642","24","1642","37"
"Function is never called","Unused functions may increase object size, decrease readability, and create the possibility of misuse.","warning","Dead Code: this function is never called.","/include/kernel.h","1623","23","1623","36"
"Function is never called","Unused functions may increase object size, decrease readability, and create the possibility of misuse.","warning","Dead Code: this function is never called.","/include/kernel.h","1607","24","1607","38"
"Function is never called","Unused functions may increase object size, decrease readability, and create the possibility of misuse.","warning","Dead Code: this function is never called.","/include/kernel.h","1506","24","1506","44"
"Function is never called","Unused functions may increase object size, decrease readability, and create the possibility of misuse.","warning","Dead Code: this function is never called.","/include/kernel.h","941","20","941","34"
"Function is never called","Unused functions may increase object size, decrease readability, and create the possibility of misuse.","warning","Dead Code: this function is never called.","/include/kernel.h","463","23","463","30"
"Function is never called","Unused functions may increase object size, decrease readability, and create the possibility of misuse.","warning","Dead Code: this function is never called.","/include/kernel.h","370","20","370","39"
"Global variable may be used before initialization","Using an uninitialized variable may lead to undefined results.","warning","The variable 'info_compiler is used in this function but may not be initialized when it is called.
The variable 'info_platform is used in this function but may not be initialized when it is called.
The variable 'info_arch is used in this function but may not be initialized when it is called.
The variable 'info_language_dialect_default is used in this function but may not be initialized when it is called.","/build/CMakeFiles/3.16.3/CompilerIdC/CMakeCCompilerId.c","645","5","645","8"
"Global variable may be used before initialization","Using an uninitialized variable may lead to undefined results.","warning","The variable 'info_compiler is used in this function but may not be initialized when it is called.
The variable 'info_platform is used in this function but may not be initialized when it is called.
The variable 'info_language_dialect_default is used in this function but may not be initialized when it is called.","/build/CMakeFiles/3.16.3/CompilerIdCXX/CMakeCXXCompilerId.cpp","637","5","637","8"
